<application>
  <component name="MessDetector">
    <phpmd_settings_migrated />
  </component>
  <component name="PhpAutoImport" auto_import_file_scope="true" global_class_behavior="PREFER_IMPORT" global_constant_behavior="PREFER_IMPORT" global_function_behavior="PREFER_IMPORT" />
  <component name="PhpCodeSniffer">
    <phpcs_settings_migrated />
  </component>
  <component name="PhpInterpreters">
    <interpreters>
      <interpreter home="D:\program\phpStudy\PHPTutorial\php\php-7.2.1-nts\php.exe" id="b66df3a8-ab5e-49ce-acc4-eaf64e6fd88e" name="PHP-7.2.1" debugger_id="php.debugger.XDebug" />
    </interpreters>
  </component>
  <component name="PhpInterpretersPhpInfoCache">
    <phpInfoCache>
      <interpreter name="PHP-7.2.1">
        <phpinfo binary_type="PHP" php_cgi="D:\program\phpStudy\PHPTutorial\php\php-7.2.1-nts\php-cgi.exe" php_cli="D:\program\phpStudy\PHPTutorial\php\php-7.2.1-nts\php.exe" path_separator=";" version="7.2.1">
          <additional_php_ini />
          <configuration_file>D:\program\phpStudy\PHPTutorial\php\php-7.2.1-nts\php.ini</configuration_file>
          <configuration_options>
            <configuration_option name="include_path" value=".;C:\php\pear" />
          </configuration_options>
          <debuggers />
          <loaded_extensions>
            <extension name="Core" />
            <extension name="PDO" />
            <extension name="Phar" />
            <extension name="Reflection" />
            <extension name="SPL" />
            <extension name="SimpleXML" />
            <extension name="bcmath" />
            <extension name="bz2" />
            <extension name="calendar" />
            <extension name="ctype" />
            <extension name="curl" />
            <extension name="date" />
            <extension name="dom" />
            <extension name="filter" />
            <extension name="gd" />
            <extension name="hash" />
            <extension name="iconv" />
            <extension name="json" />
            <extension name="libxml" />
            <extension name="mbstring" />
            <extension name="mysqli" />
            <extension name="mysqlnd" />
            <extension name="pcre" />
            <extension name="pdo_mysql" />
            <extension name="pdo_sqlite" />
            <extension name="readline" />
            <extension name="session" />
            <extension name="sqlite3" />
            <extension name="standard" />
            <extension name="tokenizer" />
            <extension name="wddx" />
            <extension name="xml" />
            <extension name="xmlreader" />
            <extension name="xmlwriter" />
            <extension name="xsl" />
            <extension name="zip" />
            <extension name="zlib" />
          </loaded_extensions>
        </phpinfo>
      </interpreter>
    </phpInfoCache>
  </component>
  <component name="PhpSmartKeysConfiguration">
    <option name="selectVariableNameWithoutDollar" value="true" />
    <option name="smartFunctionParametersCompletion" value="true" />
  </component>
</application>