<application>
  <component name="ProjectManager">
    <defaultProject>
      <component name="Encoding" native2AsciiForPropertiesFiles="true" defaultCharsetForPropertiesFiles="UTF-8" addBOMForNewFiles="with NO BOM">
        <file url="PROJECT" charset="UTF-8" />
      </component>
      <component name="JavaScriptSettings">
        <option name="languageLevel" value="ES6" />
      </component>
      <component name="JsBowerSettings">
        <node-interpreter value="project" />
        <exe-path />
        <config-path />
      </component>
      <component name="JsFlowSettings">
        <service-enabled>true</service-enabled>
        <exe-path />
        <other-services-enabled>true</other-services-enabled>
        <auto-save>true</auto-save>
      </component>
      <component name="PhpDebugGeneral" xdebug_debug_port="9911" />
      <component name="PhpProjectSharedConfiguration" php_language_level="7.2" />
      <component name="PhpWorkspaceProjectConfiguration" backward_compatibility_performed="true" interpreter_name="PHP-7.2.1" />
      <component name="ProjectDictionaryState">
        <dictionary name="Administrator" />
      </component>
      <component name="ProjectInspectionProfilesVisibleTreeState">
        <entry key="Project Default">
          <profile-state>
            <expanded-state>
              <State>
                <id />
              </State>
            </expanded-state>
            <selected-state>
              <State>
                <id>AngularJS</id>
              </State>
            </selected-state>
          </profile-state>
        </entry>
      </component>
      <component name="PropertiesComponent">
        <property name="JavaScriptPreferStrict" value="true" />
        <property name="JavaScriptWeakerCompletionTypeGuess" value="true" />
        <property name="last_opened_file_path" value="D:/phpStudy/PHPTutorial/php/php-7.1.11-nts/php.exe" />
        <property name="nodejs_interpreter_path.stuck_in_default_project" value="D:/Program Files/nodejs/node" />
        <property name="nodejs_npm_path_reset_for_default_project" value="true" />
        <property name="settings.editor.selected.configurable" value="preferences.externalResources" />
      </component>
      <component name="SshConsoleOptionsProvider">
        <option name="myEncoding" value="UTF-8" />
        <option name="myConnectionType" value="NONE" />
      </component>
      <component name="VagrantProjectSettings">
        <option name="instanceFolder" value="" />
        <option name="provider" value="" />
      </component>
      <component name="VcsContentAnnotationSettings">
        <option name="myLimit" value="2678400000" />
      </component>
      <component name="masterDetails">
        <states>
          <state key="Copyright.UI">
            <settings>
              <splitter-proportions>
                <option name="proportions">
                  <list>
                    <option value="0.17639257" />
                  </list>
                </option>
              </splitter-proportions>
            </settings>
          </state>
          <state key="ScopeChooserConfigurable.UI">
            <settings>
              <splitter-proportions>
                <option name="proportions">
                  <list>
                    <option value="0.17639257" />
                  </list>
                </option>
              </splitter-proportions>
            </settings>
          </state>
        </states>
      </component>
    </defaultProject>
  </component>
</application>