<application>
  <component name="RemoteServers">
    <remote-server name="Docker" type="docker">
      <configuration>
        <option name="apiUrl" value="tcp://192.168.99.100:2376" />
        <option name="certificatesPath" value="C:\Users\guopl\.docker\machine\machines\default" />
        <option name="pathMappings">
          <list>
            <DockerPathMappingImpl>
              <option name="localPath" value="C:\Users" />
              <option name="virtualMachinePath" value="/c/Users" />
            </DockerPathMappingImpl>
            <DockerPathMappingImpl>
              <option name="localPath" value="D:\workspace\englishclass" />
              <option name="virtualMachinePath" value="englishclass" />
            </DockerPathMappingImpl>
            <DockerPathMappingImpl>
              <option name="localPath" value="D:\workspace\front-end" />
              <option name="virtualMachinePath" value="front-end" />
            </DockerPathMappingImpl>
          </list>
        </option>
      </configuration>
    </remote-server>
  </component>
</application>