<code_scheme name="Default" version="173">
  <option name="OTHER_INDENT_OPTIONS">
    <value>
      <option name="INDENT_SIZE" value="2" />
      <option name="TAB_SIZE" value="2" />
    </value>
  </option>
  <HTMLCodeStyleSettings>
    <option name="HTML_SPACE_INSIDE_EMPTY_TAG" value="true" />
    <option name="HTML_QUOTE_STYLE" value="Single" />
    <option name="HTML_ENFORCE_QUOTES" value="true" />
    <option name="HTML_NEWLINE_BEFORE_FIRST_ATTRIBUTE" value="When multiline" />
  </HTMLCodeStyleSettings>
  <Properties>
    <option name="SPACES_AROUND_KEY_VALUE_DELIMITER" value="true" />
    <option name="KEEP_BLANK_LINES" value="true" />
  </Properties>
  <XML>
    <option name="XML_SPACE_INSIDE_EMPTY_TAG" value="true" />
  </XML>
  <yaml>
    <option name="SEQUENCE_ON_NEW_LINE" value="true" />
  </yaml>
  <codeStyleSettings language="EditorConfig">
    <option name="ALIGN_GROUP_FIELD_DECLARATIONS" value="true" />
  </codeStyleSettings>
  <codeStyleSettings language="Groovy">
    <indentOptions>
      <option name="INDENT_SIZE" value="2" />
      <option name="CONTINUATION_INDENT_SIZE" value="2" />
      <option name="TAB_SIZE" value="2" />
    </indentOptions>
  </codeStyleSettings>
  <codeStyleSettings language="HTML">
    <indentOptions>
      <option name="INDENT_SIZE" value="2" />
      <option name="CONTINUATION_INDENT_SIZE" value="2" />
      <option name="TAB_SIZE" value="2" />
    </indentOptions>
  </codeStyleSettings>
  <codeStyleSettings language="JAVA">
    <indentOptions>
      <option name="INDENT_SIZE" value="2" />
      <option name="CONTINUATION_INDENT_SIZE" value="2" />
      <option name="TAB_SIZE" value="2" />
    </indentOptions>
  </codeStyleSettings>
  <codeStyleSettings language="JSON">
    <indentOptions>
      <option name="CONTINUATION_INDENT_SIZE" value="2" />
      <option name="TAB_SIZE" value="2" />
    </indentOptions>
  </codeStyleSettings>
  <codeStyleSettings language="Properties">
    <option name="ALIGN_GROUP_FIELD_DECLARATIONS" value="true" />
  </codeStyleSettings>
  <codeStyleSettings language="XML">
    <indentOptions>
      <option name="INDENT_SIZE" value="2" />
      <option name="CONTINUATION_INDENT_SIZE" value="2" />
      <option name="TAB_SIZE" value="2" />
    </indentOptions>
  </codeStyleSettings>
  <codeStyleSettings language="kotlin">
    <option name="ALIGN_MULTILINE_PARAMETERS_IN_CALLS" value="true" />
    <option name="ALIGN_MULTILINE_EXTENDS_LIST" value="true" />
    <option name="CALL_PARAMETERS_WRAP" value="1" />
    <option name="METHOD_PARAMETERS_WRAP" value="1" />
    <option name="EXTENDS_LIST_WRAP" value="1" />
    <option name="METHOD_CALL_CHAIN_WRAP" value="1" />
    <indentOptions>
      <option name="INDENT_SIZE" value="2" />
      <option name="CONTINUATION_INDENT_SIZE" value="2" />
      <option name="TAB_SIZE" value="2" />
    </indentOptions>
  </codeStyleSettings>
</code_scheme>